title,authors,year,journal,url,crop,locations,data_modalities,methods,evaluation_metrics,in_season_prediction,citations,weather_features,soil_features,satellite_features,other_features,yield_resolution
A deep learning approach to conflating heterogeneous geospatial data for corn yield estimation: A case study of the US Corn Belt at the county level,"['H Jiang', 'H Hu', 'R Zhong', 'J Xu', 'J Huang', 'S Wang', 'Y Ying', 'T Lin']",2020.0,Global change biology (Wiley),[url](https://onlinelibrary.wiley.com/doi/full/10.1111/gcb.14885),['Corn'],['USA'],"['Satellite', 'Crop phenology', 'Weather']","['LSTM', 'LASSO', 'RF']","['R²', 'RMSE']",True,259.0,"['growing degree days (GDD)', 'killing degree days (KDD)', 'precipitation']",,['wide dynamic range vegetation index (WDRVI)'],['Growing stages (phenology)'],['County']
A deep learning multi-layer perceptron and remote sensing approach for soil health based crop yield estimation,"['A. Tripathi', 'R. K. Tiwari', 'S. P. Tiwari']",2022.0,International Journal of Applied Earth Observation and Geoinformation (Elsevier),[url](https://www.sciencedirect.com/science/article/pii/S1569843222001546),['Wheat'],['India'],"['Satellite', 'Soil']","['OLS', 'ANN', 'RF', 'decision tree', 'KNN', 'ridge regression (RR)', 'support vector regression (SVR)']","['MAE', 'RMSE', 'R²']",False,114.0,,"['Soil moisture', 'temperature(?)', 'electrical conductivity', 'organic carbon content', 'pH']","['normalised differential moisture index (NDMI)', 'NDSI']",,['District']
A million kernels of truth: Insights into scalable satellite maize yield mapping and yield gap analysis from an extensive ground dataset in the US Corn Belt,"['JM Deines', 'R Patel', 'SZ Liang', 'W Dado', 'D Lobell']",2021.0,Remote Sensing of Environment (Elsevier),[url](https://www.sciencedirect.com/science/article/pii/S0034425720305472),['Maize'],['USA'],"['Satellite', 'Weather', 'Farm management']","['Scalable Crop Yield Mapper (SCYM)', 'RF', 'historic yield as predictor']","['RMSE', 'MAE', 'R²']",False,153.0,"['precipitation', 'vapor pressure deficit', 'solar radiation', 'maximum temperature']",,['GCVI'],"['Planting dates', 'Harvest dates', 'sowing date']","['Pixel/Subfield', '5m', 'County', 'Field']"
A Multimodal Data Fusion and Deep Neural Networks Based Technique for Tea Yield Estimation in Pakistan Using Satellite Imagery,"['Z Ramzan', 'H Asif', 'I Yousuf', 'M Shahbaz']",2023.0,IEEE Access,[url](https://ieeexplore.ieee.org/abstract/document/10110955),['Tea'],['Pakistan'],"['Satellite', 'Weather']","['decision tree', 'support vector regression (SVR)', 'Gaussian Process Regression (GPR)', 'multiple linear regression (MLR)', 'RF', 'gradient boosting (GB)', 'XGBoost', 'DNN', 'ANN']","['R²', 'MAE', 'MSE', 'RMSE', 'MAPE']",False,41.0,"['minimum temperature', 'maximum temperature', 'precipitation', 'humidity', 'mean temperature']",,['NDVI'],,['Farm']
A Multi–Task 3D–ResNet–BiLSTM transfer learning approach for winter wheat yield prediction using multi–source remote sensing data: Evaluating the impact of source crop selection (corn and soybean) in transfer learning,"['M Fathi', 'R Hosseini', 'H Arefi', 'A Moghimi']",2025.0,Remote Sensing Applications: Society and Environment (Elsevier),[url](https://www.sciencedirect.com/science/article/abs/pii/S2352938525003192),['Wheat'],['USA'],"['Satellite', 'Soil', 'Weather']","['3D-ResNet-BiLSTM', 'RF', 'SVM', 'XGBoost', 'Light GBM']","['RMSE', 'MAE', 'MAPE', 'R²', 'Willmott’s index of agreement']",False,0.0,"['minimum temperature', 'maximum temperature', 'vapor pressure', 'precipitation']","['cation exchange capacity', 'pH', 'clay content', 'silt content', 'sand content']","['visible bands (RGB)', 'Red Edge', 'NIR', 'SWIR', 'NDVI', 'wide dynamic range vegetation index (WDRVI)', 'DVI', 'Land Surface Water Index (LSWI)', 'SAVI', 'GNDVI', 'RVI', 'VV', 'VH (Sentinel 1)', 'VH-VV difference']",,['County']
A new integrated neurosymbolic approach for crop-yield prediction using environmental data and satellite imagery at field scale,"['K Meghraoui', 'T Racharak', 'K Ait El Kadi', 'S Bensiali', 'I Sebari']",2025.0,Artificial Intelligence in Geosciences (Elsevier),[url](https://www.sciencedirect.com/science/article/pii/S2666544125000218),['Maize'],['East Africa'],"['Satellite', 'Soil', 'Weather']",['neurosymbolic model'],"['MSE', 'RMSE', 'MAE']",False,2.0,"['actual evapotranspiration', 'palmer drought severity index', 'Potential Evapotranspiration (PET)', 'precipitation', 'solar radiation', 'minimum temperature', 'maximum temperature', 'runoff', 'vapor pressure deficit', 'climate water deficit', 'wind speed']","['bulk density', 'cation exchange capacity', 'nitrogen content', 'coarse fragments']","['Red Edge', 'SWIR', 'NIR', 'visible bands (RGB)']",,['Field']
Adaptive fusion of multi-modal remote sensing data for optimal sub-field crop yield prediction,"['F Mena', 'D Pathak', 'H Najjar', 'C Sanchez', 'P Helber', 'B Bischke', 'et al.']",2025.0,Remote Sensing of Environment (Elsevier),[url](https://www.sciencedirect.com/science/article/pii/S003442572400573X),"['Soybean', 'Wheat', 'Rapeseed']","['Germany', 'Uruguay', 'Argentina']","['Satellite', 'Soil', 'Weather', 'Topography']","['multi-modal gated fusion model', 'LSTM', 'multi-modal fusion approaches from other work']","['R²', 'MAE', 'MAPE']",False,34.0,"['mean temperature', 'minimum temperature', 'maximum temperature', 'accumulated precipitation']","['cation exchange capacity', 'coarse fragments', 'clay content', 'nitrogen content', 'pH', 'sand content', 'silt content', 'organic carbon content']","['visible bands (RGB)', 'NIR', 'SWIR', 'Red Edge', 'coastal aerosol', 'water vapour', 'scene classification (SCL)']","['aspect (ASP)', 'curvature (CURV)', 'digital surface model', 'slope (SLOP)', 'topographic wetness index']","['Pixel/Subfield', '10m', 'Field']"
An artificial intelligence approach to prediction of corn yields under extreme weather conditions using satellite and meteorological data,"['N Kim', 'S Na', 'C Park', 'M Huh', 'J Oh', 'K Ha', 'et al.']",2020.0,Applied Sciences (MDPI),[url](https://www.mdpi.com/2076-3417/10/11/3785),['Corn'],['USA'],"['Satellite', 'Weather', 'Soil']","['MARS', 'RF', 'SVM', 'ANN', 'DNN', 'extremely randomized trees']","['RMSE', 'GCV', 'Correlation', 'MBE', 'MAE', 'MAPE']",False,49.0,"['maximum temperature', 'precipitation']",['Soil moisture'],"['LAI', 'gross primary production (GPP)', 'EVI']",,['County']
Analysis and forecasting of Australian rice yield using phenology-based aggregation of satellite and weather data,"['J Brinkhoff', 'A Clarke', 'B Dunn', 'M Groat']",2024.0,Agricultural and Forest Meteorology (Elsevier),[url](https://www.sciencedirect.com/science/article/pii/S0168192324001709),['Rice'],['Australia'],"['Satellite', 'Farm management', 'Weather']","['ridge regression (RR)', 'Light GBM']","['bias', 'RMSE', 'relative RMSE (RRMSE)', 'Lin’s concordance correlation coefficient (LCCC)']",True,16.0,"['minimum temperature', 'maximum temperature', 'solar radiation', 'minimum temperature threshold (Tmin<threshold)']",,"['visible bands (RGB)', 'Red Edge', 'SWIR', 'NIR', 'GRVI', 'GNDVI', 'NDVI', 'NDRE', 'CIG', 'CIRE', 'LSWI', 'MNDWI', 'VH (Sentinel 1)', 'VV (Sentinel 1)']","['sowing method', 'sowing date', 'Crop variety', 'Ponding date', 'Flowering date', 'panicle initiation (PI) date', 'Field cropping history']","['Field', 'Farm']"
"Annual 30 m soybean yield mapping in Brazil using long-term satellite observations, climate data and machine learning","['X Song', 'H Li', 'P Potapov', 'M Hansen']",2022.0,Agricultural and Forest Meteorology (Elsevier),[url](https://www.sciencedirect.com/science/article/pii/S0168192322003732),['Soybean'],['Brazil'],"['Satellite', 'Weather', 'Topography', 'Soil']",['RF'],"['RMSE', 'MBE', 'MAE', 'R²']",False,21.0,"['mean temperature', 'diurnal temperature', 'precipitation', 'vapor pressure', 'wet days', 'cloud cover', 'minimum temperature', 'maximum temperature', 'Potential Evapotranspiration (PET)']","['available water content', 'bulk density', 'cation exchange capacity', 'clay content', 'silt content', 'sand content', 'pH', 'organic carbon content']","['NDVI', 'EVI', 'NDWI']","['elevation', 'DEM']",['Municipality']
Annual 30 m winter wheat yield mapping in the Huang-Huai-Hai plain using crop growth model and long-term satellite images,"['Y Zhao', 'H Tao', 'P He', 'X Yao', 'T Cheng', 'Y Zhu', 'et al.']",2023.0,Computers and Electronics in Agriculture (Elsevier),[url](https://www.sciencedirect.com/science/article/pii/S0168169923007238),['Wheat'],['China'],"['Satellite', 'Weather', 'Soil', 'Farm management']","['RF', 'multiple linear regression (MLR)']","['Correlation', 'normalized RMSE', 'RMSE', 'relative error (RE)']",False,20.0,"['maximum temperature', 'minimum temperature', 'precipitation', 'actual evapotranspiration', 'sunshine duration', 'mean temperature']",,"['NDVI', 'NDBI', 'MNDWI', 'GCVI']","['sowing date', 'sowing rate', 'nitrogen rate', 'irrigation rate']","['Pixel/Subfield', '30m', 'County']"
"Applicability of machine learning techniques in predicting wheat yield based on remote sensing and climate data in Pakistan, South Asia","['S Arshad', 'J Kazmi', 'M Javed', 'S Mohammed']",2023.0,European Journal of Agronomy (Elsevier),[url](https://www.sciencedirect.com/science/article/pii/S1161030123001053),['Wheat'],['Pakistan'],"['Satellite', 'Weather']","['RF', 'SVM', 'LASSO']","['MAE', 'R²', 'RMSE']",False,61.0,"['maximum temperature', 'minimum temperature', 'precipitation', 'humidity', 'wind speed', 'SPEI', 'Potential Evapotranspiration (PET)']",,"['GNDVI', 'NDVI', 'EVI', 'SAVI']",,['District']
"Application of Remote Sensing in an Interaction Regression Model to Enhance Crop Yield Prediction in Selected Regions of the Mekong River Delta, Vietnam","['T Nguyen', 'M Pham', 'C Pham', 'T Thi', 'X Cao', 'T N A Nguyen']",2024.0,Advances in Data Science and Optimization of Complex Systems (Springer),[url](https://books.google.dk/books?id=phyBEQAAQBAJ),['Rice'],['Vietnam'],"['Satellite', 'Weather']","['linear regression', 'LASSO', 'ridge regression (RR)', 'elastic net', 'RF', 'XGBoost', 'stepwise regression', 'interaction regression model']","['RMSE', 'R²', 'MAE', 'relative absolute error (RAE)', 'relative squared error (RSE)']",False,0.0,"['evaporation', 'precipitation', 'maximum temperature', 'rainy days', 'mean temperature', 'minimum temperature', 'humidity', 'solar radiation']",,['NDVI'],,['Province']
"Cereal Yield Forecasting with Satellite Drought-Based Indices, Weather Data and Regional Climate Indices Using Machine Learning in Morocco","['E Bouras', 'L Jarlan', 'S Er-Raki', 'R Balaghi', 'A Amazirh', 'B Richard', 'et al.']",2021.0,Remote Sensing (MDPI),[url](https://www.mdpi.com/2072-4292/13/16/3101),"['Wheat', 'Barley']",['Morocco'],"['Satellite', 'Weather', 'Soil']","['SVM', 'RF', 'XGBoost', 'multiple linear regression (MLR)']","['R²', 'RMSE', 'MAE']",True,100.0,"['precipitation', 'temperature', 'North Atlantic Oscillation (NAO)', 'Scandinavian Pattern (SCA)', 'Sea Surface Temperature (SST)']",['Soil moisture'],"['Land Surface Temperature (LST)', 'NDVI']",,['Province']
Combining Multi-Source Data and Machine Learning Approaches to Predict Winter Wheat Yield in the Conterminous United States,"['Y Wang', 'Z Zhang', 'L Feng', 'Q Du', 'T Runge']",2020.0,Remote Sensing (MDPI),[url](https://www.mdpi.com/2072-4292/12/8/1232),['Wheat'],['USA'],"['Satellite', 'Soil', 'Weather', 'Farm management']","['OLS', 'LASSO', 'SVM', 'RF', 'AdaBoost', 'DNN']","['R²', 'RMSE', 'MAE']",True,186.0,"['land surface temperature', 'mean temperature', 'maximum temperature', 'minimum temperature', 'vapor pressure deficit', 'precipitation', 'dew point temperature']","['organic carbon content', 'nitrogen content', 'bulk density', 'pH', 'sand content', 'clay content']","['EVI', 'NDVI', 'NDWI', 'green chlorophyll index (GCI)']",['previous production (2 years)'],['County']
Comparative assessment of environmental variables and machine learning algorithms for maize yield prediction in the US Midwest,"['Kang, Yanghui', 'Ozdogan, Mutlu', 'Zhu, Xiaojin', 'Ye, Zhiwei', 'Hain, Christopher', 'Anderson, Martha']",2020.0,Environmental Research Letters (IOP),[url](https://iopscience.iop.org/article/10.1088/1748-9326/ab7df9/meta),['Maize'],['USA'],"['Satellite', 'Weather', 'Soil', 'Crop phenology', 'Farm management']","['LASSO', 'support vector regression (SVR)', 'RF', 'XGBoost', 'LSTM', 'CNN']","['Correlation', 'bias', 'RMSE', 'MAPE', 'MAE']",True,238.0,"['precipitation', 'vapor pressure deficit', 'standardized precipitation index (SPI)', 'extreme degree days (EDD)', 'land surface temperature', 'evapotranspiration (ET)', 'Potential Evapotranspiration (PET)', 'water stress', 'palmer drought severity index', 'minimum temperature', 'maximum temperature', 'mean temperature']","['Soil moisture', 'nitrogen content', 'available water content', 'organic matter content']","['green chlorophyll index (GCI)', 'NDWI', 'EVI', 'Land Surface Temperature (LST)', 'surface reflectance', 'visible bands (RGB)', 'SWIR', 'NIR']","['mean yield past 5 years', 'crop progress', 'harvest area']",['County']
Corn grain and silage yield class prediction for zone delineation using high-resolution satellite imagery,"['S Sunoj', 'B Polson', 'I Vaish', 'M Marcaida III', 'et al.']",2024.0,Agricultural Systems (Elsevier),[url](https://www.sciencedirect.com/science/article/pii/S0308521X24001598),['Corn'],['USA'],"['Satellite', 'Topography']","['RF', 'support vector regression (SVR)', 'logistic regression']",['accuracy'],False,6.0,,,"['brightness index (BI)', 'saturation index (SI)', 'hue index (HI)', 'coloration index (CI)', 'redness index (RI)', 'GNDVI', 'NDVI', 'EVI2', 'simple ratio (SR)', 'GCVI', 'excess green (EXG)', 'triangular greenness index (TGI)']",['elevation'],"['2m', 'Pixel/Subfield']"
"Corn yield prediction in site-specific management zones using proximal soil sensing, remote sensing, and machine learning approach","['B Bantchina', 'M Qaswar', 'S Arslan', 'Y Ulusoy', 'K Gündogdu', 'Y Tekin', 'et al.']",2024.0,Computers and Electronics in Agriculture (Elsevier),[url](https://www.sciencedirect.com/science/article/pii/S0168169924007208),['Corn'],['Turkey'],"['Satellite', 'Soil', 'Farm management']","['decision tree', 'RF', 'KNN']","['R²', 'MAE', 'RMSE']",False,17.0,,"['pH', 'potassium', 'phosporus', 'magnesium', 'calcium', 'clay content', 'silt content', 'sand content']","['LAI', 'NDVI', 'NDRE', 'NDWI', 'SAVI']",['nitrogen rate'],"['Management zone', 'Pixel/Subfield', '2m']"
Crop Yield Estimation and Interpretability With Gaussian Processes,"['L Martinez-Ferrer', 'M Piles', 'G Camps-Valls']",2020.0,IEEE Geoscience and Remote Sensing Letters (IEEE),[url](https://ieeexplore.ieee.org/abstract/document/9173550?casa_token=ddZ9cjx3xI4AAAAA:uAEtdB0mjmsbgn3u-69tXhETF2pgadhHSVSifcrhoxSZzGeO_6crVUJ-OLiwFTbqOumJ9F-i2fk),"['Corn', 'Wheat', 'Soybean']",['USA'],"['Satellite', 'Weather', 'Soil']","['Gaussian Process Regression (GPR)', 'RF', 'OLS']","['mean error (ME)', 'RMSE', 'Pearson correlation coefficient (PCC)']",False,77.0,"['maximum temperature', 'precipitation']",['Soil moisture'],"['EVI', 'vegetation optical depth (VOD)']",,['County']
"Crop Yield Estimation at Gram Panchayat Scale by Integrating Field, Weather and Satellite Data with Crop Simulation Models","['C Milesi', 'M Kukunuri']",2022.0,Journal of the Indian Society of Remote Sensing (Springer),[url](https://link.springer.com/article/10.1007/s12524-021-01372-z),"['Millet', 'Rice']",['India'],"['Satellite', 'Weather', 'Soil']",['light-use-efficiency (LUE) crop growth simulation model'],"['MAE', 'RMSE', 'percent error (PE)', 'Correlation', 'R²', 'MBE', 'normalized mean square error (NMSE)', 'fractional bias', 'Willmott’s index of agreement']",False,13.0,"['precipitation', 'minimum temperature', 'maximum temperature', 'dew point temperature', 'wind', 'solar radiation']","['Soil moisture', 'canopy evapotranspiration']","['LAI', 'fraction of absorbed photosynthetically active radiation (FAPAR)', 'NDVI', 'VH (Sentinel 1)']",,"['City', 'Village']"
Crop yield forecasting and associated optimum lead time analysis based on multi-source environmental data across China,"['L Li', 'B Wang', 'P Feng', 'H Wang', 'Q He', 'Y Wang', 'D Li Liu', 'Y Li']",2021.0,Agricultural and Forest Meteorology (Elsevier),[url](https://www.sciencedirect.com/science/article/pii/S0168192321002422),"['Wheat', 'Maize', 'Rice']",['China'],"['Satellite', 'Weather', 'Soil']",['RF'],"['normalized RMSE', 'Pearson correlation coefficient (PCC)']",True,112.0,"['precipitation', 'SPEI', 'palmer drought severity index', 'climate water deficit', 'TXx', 'TD30', 'TNn', 'FD0 (CD10 or CD12)', 'RX1day', 'SDII', 'mean temperature', 'shortwave radiation', 'actual evapotranspiration']",['Soil moisture'],"['NDVI', 'EVI']",,['Field']
Crop Yield Prediction Using Remote Sensing and Meteorological Data,"['A Shah', 'R Agarwal', 'B Baranidharan']",2021.0,International Conference on Artificial Intelligence and Smart Systems (Proceedings),[url](https://ieeexplore.ieee.org/abstract/document/9395849?casa_token=yfEBL3ATSZQAAAAA:AQnnuMVpezA1u-28JRTBhWhNMcLsVLCfYWxwyri7OkBMo-aSvvwTEVmvIXgREHXDUTvBoLDy),['Rice'],['India'],"['Satellite', 'Weather']","['XGBoost', 'RF', 'Light GBM']","['R²', 'MAPE']",False,22.0,"['precipitation', 'air quality index', 'mean temperature']",,['NDVI'],,['District']
DeepYield: A combined convolutional neural network with long short-term memory for crop yield forecasting,"['K Gavahi', 'P Abbaszadeh', 'H Moradkhani']",2021.0,Expert Systems with Applications (Elsevier),[url](https://www.sciencedirect.com/science/article/pii/S0957417421009210),"['Soybean', 'Corn']",['USA'],"['Satellite', 'Weather']","['DeepYield (ConvLSTM+3DCNN)', 'decision tree', 'CNN+GP', 'LSTM-CNN', 'ConvLSTM', '3DCNN', 'APSIM+RF']","['Pearson correlation coefficient (PCC)', 'RMSE']",False,181.0,['land surface temperature'],,"['visible bands (RGB)', 'NIR', 'SWIR']",,['County']
"Developing automated machine learning approach for fast and robust crop yield prediction using a fusion of remote sensing, soil, and weather dataset","['A Kheir', 'A Govind', 'V Nangia', 'M Devkota', 'A Elnashar', 'M Omar', 'T Feike']",2024.0,Environmental Research Communications (IOP),[url](https://iopscience.iop.org/article/10.1088/2515-7620/ad2d02/meta),['Wheat'],['Egypt'],"['Satellite', 'Soil', 'Weather', 'Topography']","['ML ensemble', 'XRT', 'DRF', 'XGBoost', 'RF', 'Generalized Linear Models (GLM)', 'Gradient Boosting Machines (GBM)', 'DNN']","['Willmott’s index of agreement', 'R²', 'RMSE', 'MSE', 'MAE', 'Root Mean Squared Logarithmic Error (RMSLE)', 'MRD', 'relative bias (RB)', 'root mean square deviation (RMSD)']",True,42.0,"['maximum temperature', 'minimum temperature', 'solar radiation', 'precipitation']","['sand content', 'silt content', 'clay content', 'organic carbon content', 'pH', 'bulk density', 'organic matter content']","['NDVI', 'EVI', 'GCVI', 'GNDVI', 'wide dynamic range vegetation index (WDRVI)']","['elevation', 'aspect (ASP)', 'slope (SLOP)']",['Field']
Developing machine learning models with multi-source environmental data to predict wheat yield in China,"['L Li', 'B Wang', 'P Feng', 'Q He', 'Y Zhang', 'Y Wang', 'S Li', 'X Lu', 'C Yue', 'Y Li', 'J He', 'et al.']",2022.0,Computers and Electronics in Agriculture (Elsevier),[url](https://www.sciencedirect.com/science/article/pii/S0168169922001077),['Wheat'],['China'],"['Satellite', 'Soil', 'Weather']","['RF', 'SVM']","['R²', 'RMSE']",False,123.0,"['mean temperature', 'precipitation', 'wind speed', 'humidity', 'sunshine duration', 'extreme climate events (ECE)', 'SPEI']","['organic carbon content', 'bulk density', 'cation exchange capacity']","['NDVI', 'EVI', 'NIR reflectance of terrestrial vegetation (NIRv)']",,['Field']
Development and Evaluation of Remote  Sensing-Derived Relative Growth Rate  (RGR) for Rice Yield Estimation,"['Z Zhao', 'F Wang', 'Y Xiao', 'L Liu', 'N Chen', 'W Weng', 'D Peng', 'X Zhang', 'Z Shi']",2025.0,Journal of Selected Topics in Applied Earth Observations and Remote Sensing (IEEE),[url](https://ieeexplore.ieee.org/abstract/document/11189039/),['Rice'],['China'],"['Satellite', 'Crop phenology', 'Soil', 'Weather']","['LASSO', 'RF', 'XGBoost']","['R²', 'RMSE', 'MAI']",False,2.0,"['temperature', 'precipitation', 'solar radiation']","['clay content', 'sand content', 'silt content']","['LAI', 'gross primary production (GPP)', 'NDVI', 'RVI', 'DVI', 'SAVI', 'EVI', 'NDWI']",['phenological stages (and dates)'],['County']
Dynamic wheat yield forecasts are improved by a hybrid approach using a biophysical model and machine learning technique,"['P Feng', 'B Wang', 'D Li Liu', 'C Waters', 'D Xiao', 'L Shi', 'Q Yu']",2020.0,Agricultural and Forest Meteorology (Elsevier),[url](https://www.sciencedirect.com/science/article/pii/S0168192320300241),['Wheat'],['Australia'],"['Satellite', 'Weather', 'Soil', 'Farm management']","['APSIM+RF', 'APSIM+MLR']","['Correlation', 'Lin’s concordance correlation coefficient (LCCC)', 'RMSE', 'MAPE', 'receiver operating characteristic (ROC)']",True,249.0,"['solar radiation', 'precipitation', 'minimum temperature', 'maximum temperature', 'SPEI', 'Agricultural Reference Index for Drought (ARID)']","['organic carbon content', 'phosporus', 'nitrogen content', 'electrical conductivity', 'pH', 'Most dominant soil type', 'hydraulic properties', 'nutrient status']",['NDVI'],"['sowing date', 'Crop variety', 'fertilizer practice']","['Plot', 'Field']"
"Early crop yield prediction for agricultural drought monitoring using drought indices, remote sensing, and machine learning techniques","['P Pandya', 'N Gontia']",2023.0,Journal of Water and Climate Change (IWA),[url](https://iwaponline.com/jwcc/article/14/12/4729/99202/Early-crop-yield-prediction-for-agricultural),"['Cotton', 'Groundnut']",['India'],"['Satellite', 'Weather']","['multiple linear regression (MLR)', 'ANN', 'RF']","['R²', 'RMSE', 'Nash-Sutcliffe efficiency']",True,19.0,"['maximum temperature', 'minimum temperature', 'precipitation', 'standardized precipitation index (SPI)', 'rainfall anomaly index (RAI)', 'drought area index (DAI)', 'decile index (DI)', 'SPEI', 'reconnaissance drought index (RDI)']",,"['NAI', 'VCI', 'NDWIA']",,['District']
Estimating Farm Wheat Yields from NDVI and Meteorological Data,"['A Vannoppen', 'A Gobin']",2021.0,Agronomy (MDPI),[url](https://www.mdpi.com/2073-4395/11/5/946),['Wheat'],['Belgium'],"['Satellite', 'Weather']",['RF'],"['R²', 'MSE']",False,64.0,"['precipitation', 'maximum temperature']",,['NDVI'],,"['Field', 'Farm']"
Estimating Soybean Yields Using Causal Inference and Deep Learning Approaches With Satellite Remote Sensing Data,"['F Wang', 'J Li', 'D Peng', 'Q Yi', 'X Zhang', 'J Zheng', 'et al.']",2024.0,Journal of Selected Topics in Applied Earth Observations and Remote Sensing (IEEE),[url](https://ieeexplore.ieee.org/abstract/document/10614767),['Soybean'],['USA'],"['Satellite', 'Weather']","['transformer', 'LSTM', 'RF', 'LASSO', 'DNN']","['R²', 'RMSE', 'relative RMSE (RRMSE)']",True,10.0,"['growing degree days (GDD)', 'killing degree days (KDD)', 'accumulated precipitation']",,['EVI'],,['County']
Estimation of district-level spring barley yield in southern Sweden using multi-source satellite data and random forest approach,"['X Li', 'H Jin', 'L Eklundh', 'E Bouras', 'P Olsson', 'Z Cai', 'J Ardö', 'Z Duan']",2024.0,International Journal of Applied Earth Observation and Geoinformation (Elsevier),[url](https://www.sciencedirect.com/science/article/pii/S1569843224005399),['Barley'],['Sweden'],"['Satellite', 'Weather']",['RF'],"['R²', 'RMSE']",False,10.0,"['evapotranspiration (ET)', 'temperature', 'precipitation']",,"['NDVI', 'SIF', 'plant phenology index (PPI)']",,['District']
Estimation Winter Wheat Crop Yield through Multi-Modal Analysis using Satellite Imagery and Meteorological Data,"['Y Li', 'S Dhelim', 'M Kechadi']",2024.0,IEEE International Conference on Knowledge Graph (Proceedings),[url](https://ieeexplore.ieee.org/abstract/document/10884277),['Wheat'],['United Kingdom'],"['Satellite', 'Weather', 'Crop phenology', 'Topography', 'Soil']","['support vector regression (SVR)', 'RF', 'gradient boosting (GB)', 'AdaBoost', 'histogram-based gradient boosting regression', 'Exponential Functions Least Squares Matrix (EFLSM)']","['RMSE', 'R²']",False,0.0,"['temperature', 'precipitation', 'wind speed', 'humidity', 'solar radiation']",['soil type'],"['NDVI', 'NDRE', 'EVI', 'NMDI', 'GNDVI', 'GDVI', 'GVMI', 'normalised differential moisture index (NDMI)', 'NDII']",['elevation'],['Field']
Evaluating Remote Sensing Resolutions and Machine Learning Methods for Biomass Yield Prediction in Northern Great Plains Pastures,"['S Subhashree', 'C Igathinathane', 'J Hendrickson', 'D Archer', 'M Liebig', 'J Halvorson', 'et al.']",2025.0,Agriculture (MDPI),[url](https://www.mdpi.com/2077-0472/15/5/505),"['Grassland', 'Alfalfa']",['USA'],"['Satellite', 'Weather']","['multiple linear regression (MLR)', 'RF', 'support vector regression (SVR)', 'KNN']","['R²', 'RMSE']",False,0.0,"['bare soil temperature', 'turf soil temperature', 'wind speed', 'dew point temperature', 'wind chill', 'solar radiation', 'Potential Evapotranspiration (PET)', 'precipitation', 'mean temperature']",,"['visible bands (RGB)', 'NIR', 'SWIR', 'red chromatic coordinate (RCC)', 'green chromatic coordinate (GCC)', 'blue chromatic cordinate (BCC)', 'excess green (EXG)', 'normalized excess green (EXG2)', 'excess green minus exces red (EXGR)', 'GRVI', 'green-blue VI (GBVI)', 'blue-red VI (BRVI)', 'green-red ratio (G/R)', 'green-red difference (G-R)', 'blue-green difference (B-G)', 'visible-band difference VI (VDVI)', 'Visible Atmospherically Resistant Index (VARI)', 'modified green-red VI (MGRVI)', 'colour-index of vegetation (CIVE)', 'Woebbecke index (WI)', 'coloration index (CI)', 'NDVI', 'GNDVI', 'SAVI', 'modified SAVI (MSAVI)', 'EVI', 'normalised differential moisture index (NDMI)', 'green atmospherically resistance VI (GARI)', 'simple ratio (SR)', 'ARVI', 'green chlorophyll index (GCI)', 'Structure Insensitive Pigment Index (SIPI)']",,['Pixel/Subfield']
"Evaluation of Different Modelling Techniques with Fusion of Satellite, Soil and Agro-Meteorological Data for the Assessment of Durum Wheat Yield under a Large Scale Application","['E Lekakis', 'A Zaikos', 'A Polychronidis', 'C Efthimiou', 'I Pourikas', 'T Mamouka']",2022.0,Agriculture (MDPI),[url](https://www.mdpi.com/2077-0472/12/10/1635),['Wheat'],['Greece'],"['Satellite', 'Weather', 'Soil', 'Farm management']","['linear regression', 'XGBoost', 'RF', 'decision tree', 'LASSO', 'ridge regression (RR)', 'support vector regression (SVR)', 'KNN', 'Gradient-Boosting Decision Tree', 'AquaCrop']","['R²', 'RMSE', 'normalized RMSE', 'model efficiency (ME)', 'bias', 'Willmott’s index of agreement']",True,6.0,"['temperature', 'maximum temperature', 'minimum temperature', 'growing degree days (GDD)', 'reference evapotranspiration']","['clay content', 'silt content', 'sand content', 'bulk density', 'organic carbon content', 'field capacity', 'permanent wilting point', 'saturated hydraulic conductivity']","['NDVI', 'GreenWDRVI', 'LAI', 'canopy cover']",['Irrigation use'],"['Pixel/Subfield', 'Unclear', 'Field']"
Evaluation of soil-dependent crop yield outcomes in Nepal using ground and satellite-based approaches,"['J Campolo', 'D Güerena', 'S Maharjan', 'D Lobell']",2021.0,Field Crops Research,[url](https://www.sciencedirect.com/science/article/pii/S0378429020312715),['Wheat'],['Nepal'],"['Satellite', 'Soil', 'Farm management']","['Scalable Crop Yield Mapper (SCYM)', 'OLS']",['R²'],False,25.0,"['minimum temperature', 'maximum temperature', 'land surface temperature', 'diurnal temperature', 'precipitation', 'emissivity', 'Downward surface shortwave radiation', 'mean temperature']","['clay content', 'boron content', 'organic matter content', 'phosporus', 'pH', 'sand content', 'nitrogen content', 'zinc content']","['visible bands (RGB)', 'NIR', 'SWIR', 'Red Edge', 'GCVI', 'RDGCVI1']","['Field size', 'Fertilizer type', 'Fertilizer amount', 'Crop variety', 'Crop source', 'Planting dates', 'Harvest dates', 'Irrigation use', 'Herbicide usage', 'Pesticide usage', 'Soil texture (subjective)']",['Pixel/Subfield']
Exploring the potential role of environmental and multi-source satellite data in crop yield prediction across Northeast China,"['Z Ding', 'D Xu']",2022.0,Science of The Total Environment (Elsevier),[url](https://www.sciencedirect.com/science/article/abs/pii/S0048969721079596),"['Maize', 'Rice', 'Soybean']",['China'],"['Satellite', 'Weather', 'Soil', 'Topography']","['LASSO', 'RF', 'support vector regression (SVR)', 'partial least-square regression (PLSR)', 'stochastic gradient boosting (SGB)', 'ML ensemble']","['R²', 'RMSE']",True,82.0,"['precipitation', 'specific humidity', 'shortwave radiation', 'mean temperature']","['bulk density', 'cation exchange capacity', 'soil texture', 'organic carbon content', 'pH', 'rock fragment', 'porosity', 'phosporus', 'potassium', 'saturated hydraulic conductivity', 'saturated water content']","['EVI', 'NDPI', 'LSWI', 'SIF', 'Land Surface Temperature (LST)', 'vegetation optical depth (VOD)']","['latitude and longitude', 'elevation']","['District', 'City']"
Feasibility of machine learning-based rice yield prediction in India at the district level using climate reanalysis and remote sensing data,"['D De Clercq', 'A Mahdi']",2024.0,Agricultural Systems (Elsevier),[url](https://www.sciencedirect.com/science/article/pii/S0308521X2400249X),['Rice'],['India'],"['Satellite', 'Weather', 'Soil']","['Light GBM', 'Bayesian ridge regression', 'gradient boosting (GB)', 'RF', 'Huber regression', 'decision tree', 'elastic net', 'AdaBoost', 'orthogonal matching pursuit', 'extremely randomized trees', 'CatBoost', 'extreme gradient boosting', 'ridge regression (RR)', 'KNN', 'linear regression', 'passive aggressive regressor', 'LASSO', 'LASSO least angle regression (LLAR)', 'dummy regressor', 'least angle regression']","['R²', 'MAE', 'MAPE', 'MSE', 'Root Mean Squared Logarithmic Error (RMSLE)']",False,22.0,"['potential evaporation', 'temperature', 'surface pressure', 'precipitation']",['Soil moisture'],"['LAI', 'NDVI']",,['District']
High-resolution crop yield and water productivity dataset generated using random forest and remote sensing,"['M Cheng', 'X Jiao', 'L Shi', 'J Penuelas', 'L Kumar', 'C Nie', 'T Wu', 'K Liu', 'W Wu', 'X Jin']",2022.0,Scientific Data (Nature),[url](https://www.nature.com/articles/s41597-022-01761-0),"['Maize', 'Wheat']",['China'],"['Satellite', 'Soil', 'Weather', 'Crop phenology']",['RF'],"['R²', 'RMSE', 'relative RMSE (RRMSE)', 'MBE']",False,62.0,"['land surface temperature', 'evapotranspiration (ET)', 'temperature']","['clay content', 'sand content', 'silt content']","['gross primary production (GPP)', 'LAI']",['Growing stages (phenology)'],"['County', 'Pixel/Subfield', '1km']"
"Improved prediction of rice yield at field and county levels by synergistic use of SAR, optical and meteorological data","['W Yu', 'G Yang', 'D Li', 'H Zheng', 'X Yao', 'Y Zhu', 'W Cao', 'L Qiu', 'T Cheng']",2023.0,Agricultural and Forest Meteorology (Elsevier),[url](),['Rice'],['China'],"['Satellite', 'Weather']","['LSTM', 'ML ensemble', 'support vector regression (SVR)', 'XGBoost', 'RF']","['RMSE', 'R²', 'Correlation', 'relative RMSE (RRMSE)', 'bias']",False,36.0,"['maximum temperature', 'minimum temperature', 'mean temperature', 'wind speed', 'maximum wind speed', 'precipitation', 'accumulated precipitation', 'sunshine duration', 'humidity', 'vapor pressure deficit', 'effective accumulated temperature (EAT)', 'active accumulated temperature (AAT)', 'solar radiation']",,"['EVI', 'NDRE', 'Land Surface Water Index (LSWI)', 'VV-VH ratio (Sentinel 1)', 'VV (Sentinel 1)', 'VH (Sentinel 1)', 'VH-VV difference', 'VV+VH addition']",,"['Field', 'County']"
Improving early prediction of crop yield in Spanish olive groves using satellite imagery and machine learning,"['M Ramos', 'J Cubillas', 'R Córdoba', 'L Ortega']",2025.0,PLoS ONE,[url](https://journals.plos.org/plosone/article?id=10.1371/journal.pone.0311530),['Olive'],['Spain'],"['Satellite', 'Weather', 'Farm management']","['RF', 'SVM', 'ANN']","['MAE', 'RMSE']",True,12.0,"['land surface temperature', 'precipitation']",,"['NDVI', 'SAVI', 'green chlorophyll index (GCI)', 'ARVI', 'Structure Insensitive Pigment Index (SIPI)', 'normalised differential moisture index (NDMI)']",['previous production'],"['Municipality', 'Country']"
Improving Wheat Yield Estimates by Integrating a Remotely Sensed Drought Monitoring Index Into the Simple Algorithm for Yield Estimate Model,"['D Han', 'P Wang', 'K Tansey', 'S Zhang', 'H Tian', 'Y Zhang', 'H Li']",2021.0,IEEE Journal of Selected Topics in Applied Earth Observations and Remote Sensing (IEEE),[url](https://ieeexplore.ieee.org/abstract/document/9568740/),['Wheat'],['China'],"['Satellite', 'Farm management', 'Weather', 'Crop phenology']",['simple algorithm for yield estimate (SAFY)'],"['R²', 'MAE', 'normalized MAE (NMAE)']",False,20.0,"['sunshine duration', 'maximum temperature', 'minimum temperature', 'dew point temperature', 'precipitation', 'wind speed', 'humidity']",['Soil moisture'],"['vegetation temperature condition index (VTCI)', 'LAI']","['daily accumulation of dry biomass (DAM)', 'sowing date', 'fertilizer date', 'Fertilizer amount', 'irrigation date', 'irrigation rate']","['County', 'Field']"
In-season forecasting of within-field grain yield from Sentinel-2 time series data,"['E Amin', 'L Pipia', 'S Belda', 'G Perich', 'L Graf', 'et al.']",2024.0,International Journal of Applied Earth Observation and Geoinformation (Elsevier),[url](https://www.sciencedirect.com/science/article/pii/S1569843223004600),"['Wheat', 'Barley', 'Triticale']",['Switzerland'],"['Satellite', 'Weather']","['RF', 'Gaussian Process Regression (GPR)', 'Kernel Ridge Regression (KRR)']","['RMSE', 'relative RMSE (RRMSE)', 'R²']",True,23.0,['growing degree days (GDD)'],,"['kernel NDVI', 'NDVI']",,"['Pixel/Subfield', '2m']"
In-season maize yield prediction in Northeast China: The phase-dependent benefits of assimilating climate forecast and satellite observations,"['C Lu', 'G Leng', 'X Liao', 'H Tu', 'J Qiu', 'J Li', 'et al.']",2024.0,Agricultural and Forest Meteorology (Elsevier),[url](https://www.sciencedirect.com/science/article/pii/S0168192324003551),['Maize'],['China'],"['Satellite', 'Weather']",['RF'],"['bias', 'RMSE', 'mean absolute relative\rerror (MARE)']",True,5.0,"['precipitation', 'mean temperature']",,['gross primary production (GPP)'],,['County']
Incorporating environmental variables into a MODIS-based crop yield estimation method for United States corn and soybeans through the use of a random forest regression algorithm,['T. Sakamoto'],2020.0,ISPRS Journal of Photogrammetry and Remote Sensing (Elsevier),[url](),"['Corn', 'Soybean']",['USA'],"['Satellite', 'Weather', 'Soil', 'Farm management']","['RF', 'linear regression', 'polynomial regression']",['RMSE'],False,183.0,"['mean temperature', 'shortwave radiation', 'precipitation']",['Soil moisture'],['wide dynamic range vegetation index (WDRVI)'],['Irrigation use'],['County']
Integrating climate and satellite remote sensing data for predicting county-level wheat yield in China using machine learning methods,"['W Zhou', 'Y Liu', 'S Ata-Ul-Karim', 'Q Ge', 'X Li', 'J Xiao']",2022.0,International Journal of Applied Earth Observation and Geoinformation (Elsevier),[url](https://www.sciencedirect.com/science/article/pii/S1569843222000632),['Wheat'],['China'],"['Satellite', 'Weather', 'Crop phenology']","['RF', 'SVM', 'LASSO']","['RMSE', 'R²']",True,97.0,"['minimum temperature', 'maximum temperature', 'diurnal temperature', 'precipitation', 'rainy days', 'Potential Evapotranspiration (PET)', 'vapor pressure', 'solar radiation', 'wind speed']",,"['NDVI', 'EVI', 'SIF']",['Growing stages (phenology)'],['County']
"Integrating data assimilation, crop model, and machine learning for winter wheat yield forecasting in the North China Plain","['H Zhuang', 'Z Zhang', 'F Cheng', 'J Han', 'Y Luo', 'L Zhang', 'B He', 'J Xu', 'F Tao']",2024.0,Agricultural and Forest Meteorology (Elsevier),[url](https://www.sciencedirect.com/science/article/abs/pii/S0168192324000248),['Wheat'],['China'],"['Satellite', 'Weather', 'Soil', 'Crop phenology']","['Model for Crop Weather Large Area (MCWLA)', 'Hybrid crop model + ML', 'SVM', 'Gaussian Process Regression (GPR)', 'Gradient Boosting Machines (GBM)', 'RF', 'KNN']","['R²', 'RMSE', 'MAE', 'anomaly correlation coefficient (ACC)', 'MAPE', 'percent error (PE)']",True,57.0,"['maximum temperature', 'minimum temperature', 'precipitation', 'vapor pressure', 'solar radiation', 'wind speed']","['Soil moisture', 'permeability', 'water holding capacity', 'wilting point water content']",['LAI'],['phenological stages (and dates)'],['County']
Integrating Multi-Source Data for Rice Yield Prediction across China using Machine Learning and Deep Learning Approaches,"['J Cao', 'Z Zhang', 'F Tao', 'L Zhang', 'Y Luo', 'J Zhang', 'J Han', 'J Xie']",2021.0,Agricultural and Forest Meteorology (Elsevier),[url](https://www.sciencedirect.com/science/article/pii/S0168192320303774),['Rice'],['China'],"['Satellite', 'Weather', 'Soil', 'Farm management']","['LASSO', 'RF', 'LSTM']","['R²', 'RMSE']",True,340.0,"['killing degree days (KDD)', 'growing degree days (GDD)', 'freezing degree days (FDD)', 'maximum temperature', 'minimum temperature', 'precipitation', 'palmer drought severity index', 'evapotranspiration (ET)', 'vapor pressure', 'vapor pressure deficit']","['soil depth', 'soil texture', 'organic carbon content', 'pH', 'cation exchange capacity', 'bulk density']","['SIF', 'EVI']",['Irrigation ratio (county level)'],['County']
Integrating satellite imagery and environmental data to predict field-level cane and sugar yields in Australia using machine learning,"['Y Shendryk', 'R Davy', 'P Thornburn']",2021.0,Field Crops Research,[url](https://www.sciencedirect.com/science/article/pii/S0378429020312685),['Sugarcane'],['Australia'],"['Satellite', 'Soil', 'Weather', 'Topography']","['RF', 'XGBoost', 'gradient boosting (GB)', 'extremely randomized trees']","['R²', 'RMSE', 'balanced accuracy']",True,78.0,"['maximum temperature', 'minimum temperature', 'vapor pressure', 'evaporation', 'precipitation', 'Downward surface shortwave radiation']",['Most dominant soil type'],"['NDSI', 'VV-VH ratio (Sentinel 1)']","['aspect (ASP)', 'curvature (CURV)', 'slope (SLOP)']",['Field']
Integrating satellite-derived climatic and vegetation indices to predict smallholder maize yield using deep learning,"['L Zhang', 'Z Zhang', 'Y Luo', 'J Cao', 'R Xie', 'S Li']",2021.0,Agricultural and Forest Meteorology (Elsevier),[url](https://www.sciencedirect.com/science/article/pii/S016819232100352X),['Maize'],['China'],"['Satellite', 'Weather', 'Soil', 'Topography']","['LASSO', 'Light GBM', 'LSTM']","['R²', 'RMSE', 'relative RMSE (RRMSE)']",True,137.0,"['killing degree days (KDD)', 'growing degree days (GDD)', 'freezing degree days (FDD)', 'accumulated precipitation', 'standardized precipitation index (SPI)']","['bulk density', 'pH', 'organic carbon content', 'cation exchange capacity', 'particle size distribution']","['NDVI', 'EVI', 'GCVI', 'GNDVI', 'wide dynamic range vegetation index (WDRVI)', 'simple ratio (SR)']","['latitude, longitude', 'elevation']",['Field']
Integrating solar-induced chlorophyll fluorescence with traditional remote sensing and environmental variables for enhanced rice yield prediction in Nepal using machine learning,"['M Lamichhane', 'R Chapagain', 'S Mehan', 'D Ames', 'S Kafle']",2024.0,Remote Sensing Applications: Society and Environment (Elsevier),[url](https://www.sciencedirect.com/science/article/pii/S2352938524002350),['Rice'],['Nepal'],"['Satellite', 'Weather', 'Soil']","['RF', 'support vector regression (SVR)', 'gradient boosting (GB)', 'LASSO']","['RMSE', 'R²', 'relative RMSE (RRMSE)']",True,3.0,"['actual evapotranspiration', 'reference evapotranspiration', 'climate water deficit', 'palmer drought severity index', 'accumulated precipitation', 'solar radiation', 'minimum temperature', 'maximum temperature', 'vapor pressure', 'vapor pressure deficit', 'wind speed']","['clay content', 'silt content', 'sand content', 'pH', 'organic matter content', 'nitrogen content', 'P2O5 content', 'boron content', 'zinc content', 'potassium', 'Soil moisture']","['SIF', 'NDVI', 'EVI', 'LAI', 'FAPAR']",,['District']
"Integration of Multi-Source Remote Sensing Data and Ensemble Machine Learning for Spatial Paddy Yield Estimation in the Cauvery Delta, India","['J Niraimathi', 'S Saravanan']",2025.0,Earth Systems and Environment (Springer),[url](https://link.springer.com/article/10.1007/s41748-025-00838-1),['Rice'],['India'],"['Satellite', 'Weather', 'Soil']","['RF', 'XGBoost']","['MAE', 'RMSE', 'R²']",False,0.0,"['precipitation', 'humidity', 'solar radiation', 'growing degree days (GDD)']","['organic carbon content', 'clay content', 'pH', 'nitrogen content']","['NDVI', 'EVI', 'SAVI', 'NDRE', 'LAI', 'FAPAR', 'RVI', 'entropy', 'alpha angle', 'VV', 'VH backscatter']",,"['Pixel/Subfield', 'Unclear']"
Interpretability of deep learning models for crop yield forecasting,"['D Paudel', 'A de Wit', 'H Boogaard', 'D Marcos', 'S Osinga', 'I Athanasiadis']",2023.0,Computers and Electronics in Agriculture (Elsevier),[url](https://www.sciencedirect.com/science/article/pii/S0168169923000510),"['Maize', 'Wheat']","['Germany', 'Spain', 'France', 'Hungary', 'Italy']","['Satellite', 'Soil', 'Weather', 'Topography', 'Crop phenology']","['Gradient-Boosting Decision Tree', 'LSTM', '1DCNN']",['normalized RMSE'],True,129.0,"['maximum temperature', 'minimum temperature', 'precipitation', 'evapotranspiration (ET)', 'climate water balance (CWB)']","['Soil moisture', 'water holding capacity']",['fraction of absorbed photosynthetically active radiation (FAPAR)'],"['WOFOST simulated data', 'elevation', 'slope (SLOP)', 'slope_deviation', 'irrigation area', 'phenological stages (and dates)']",['Region']
Large-scale spatio-temporal yield estimation via deep learning using satellite and management data fusion in vineyards,"['H Kamangir', 'B Sams', 'N Dookoozlian', 'L Sanchez', 'J Earles']",2024.0,Computers and Electronics in Agriculture (Elsevier),[url](https://www.sciencedirect.com/science/article/abs/pii/S016816992300827X),['Grapevine'],['USA'],"['Satellite', 'Farm management']",['UNet-ConvLSTM'],"['R²', 'RMSE', 'MAE', 'MAPE']",True,23.0,,,"['visible bands (RGB)', 'NIR']","['Crop variety', 'Trellis type', 'Row spacing', 'Canopy spacing']","['Pixel/Subfield', '1m']"
Learning main drivers of crop progress and failure in Europe with interpretable machine learning,"['A Mateo-Sanchis', 'M Piles', 'J Amoros-Lopez', 'J Munoz-Mari', 'J Adsuara', 'A Moreno-Martinez', 'G Camps-Valls']",2021.0,International Journal of Applied Earth Observation and Geoinformation (Elsevier),[url](www.sciencedirect.com/science/article/pii/S0303243421002816),"['Corn', 'Barley', 'Wheat']","['United Kingdom', 'Turkey', 'European Union']","['Satellite', 'Weather', 'Soil']",['Gaussian Process Regression (GPR)'],"['RMSE', 'R²']",False,40.0,"['temperature', 'precipitation', 'radiation', 'evaporation']",['Soil moisture'],"['EVI', 'LAI', 'FAPAR', 'vegetation optical depth (VOD)']",,['Region']
Machine and deep learning-based wheat yield prediction: the critical role of soil moisture and remote sensing data,"['S Hosseinpour', 'H Pirdashti', 'D Hosseinpour', 'H Mousavi', 'S Mohammadpour']",2025.0,Modeling Earth Systems and Environment (Springer),[url](https://link.springer.com/article/10.1007/s40808-025-02456-2),['Wheat'],['Iran'],"['Satellite', 'Weather', 'Soil']","['SVM', 'RF', 'DNN']","['R²', 'RMSE', 'MAE', 'Willmott’s index of agreement']",True,1.0,"['minimum temperature', 'maximum temperature', 'precipitation', 'solar radiation', 'actual evapotranspiration', 'wind speed']",['Soil moisture'],"['NIR reflectance of terrestrial vegetation (NIRv)', 'NDVI', 'EVI', 'GNDVI']",,['Field']
Machine learning approach for satellite‑based subfield canola yield prediction using floral phenology metrics and soil parameters,"['H Fernando', 'T Ha', 'K Nketia', 'A Attanayake', 'S Shirtliffe']",2024.0,Precision Agriculture (Springer),[url](https://link.springer.com/article/10.1007/s11119-024-10116-1),['Canola'],['Canada'],"['Satellite', 'Soil', 'Topography']",['RF'],"['R²', 'RMSE']",False,8.0,,['electrical conductivity'],"['Normalized Difference Yellowness Index (NDYI)', 'Canola Index (CI)', 'Red Blue Normalizing Index (RBNI)', 'NDVI', 'Cloud Index (CdI)', 'Blooming Index (BI)', 'Modified Yellowness Index (MYI)', 'High-resolution Flowering Index (HrFI)', 'Blue–NDVI (BNDVI)', 'Visible Atmospherically Resistant Index (VARI)']","['elevation', 'curvature (CURV)']","['Pixel/Subfield', '2m']"
Machine learning approaches to predict crop yield using integrated satellite and climate data,"['K Jhajharia', 'P Mathur']",2022.0,International Journal of Ambient Computing and Intelligence,[url](https://www.igi-global.com/article/machine-learning-approaches-to-predict-crop-yield-using-integrated-satellite-and-climate-data/300799),['Wheat'],['India'],"['Satellite', 'Weather']","['LASSO', 'SVM', 'RF', 'linear regression']","['MAE', 'RMSE', 'MSE']",False,6.0,"['precipitation', 'minimum temperature', 'maximum temperature', 'mean temperature']",,"['EVI', 'SAVI', 'chlorophyll vegetation index', 'NDWI', 'NDVI']",,['District']
Machine Learning Techniques and Interpretability for Maize Yield Estimation Using Time-Series Images of MODIS and Multi-Source Data,"['Y Lyu', 'P Wang', 'X Bai', 'X Li', 'X Ye', 'Y Hu', 'J Zhang']",2024.0,Computers and Electronics in Agriculture (Elsevier),[url](https://www.sciencedirect.com/science/article/pii/S016816992400454X),['Maize'],['China'],"['Satellite', 'Weather', 'Soil']","['Light GBM', 'RF', 'LASSO']","['R²', 'RMSE', 'normalized RMSE']",False,16.0,"['maximum temperature', 'minimum temperature', 'accumulated precipitation', 'reference evapotranspiration', 'actual evapotranspiration', 'vapor pressure', 'climate water deficit', 'vapor pressure deficit', 'palmer drought severity index', 'shortwave radiation']","['pH', 'Soil moisture', 'coarse fragments', 'sand content', 'silt content', 'clay content', 'nitrogen content', 'phosporus', 'cation exchange capacity', 'organic carbon content', 'bulk density', 'soil thickness']","['EVI', 'NIR reflectance of terrestrial vegetation (NIRv)', 'NIR', 'visible bands (RGB)', 'SWIR']",,['County']
Maize yield estimation in Northeast China’s black soil region using a deep learning model with attention mechanism and remote sensing,"['X Li', 'Y Lyu', 'B Zhu', 'L Liu', 'K Song']",2025.0,Scientific Reports (Nature),[url](https://www.nature.com/articles/s41598-025-97563-6),['Maize'],['China'],"['Satellite', 'Weather', 'Soil', 'Farm management', 'Topography']","['CNNAtBiGru', 'CNN-GRU', 'GRU', 'Light GBM', 'LASSO']","['RMSE', 'R²']",False,11.0,"['minimum temperature', 'maximum temperature', 'precipitation', 'palmer drought severity index', 'Potential Evapotranspiration (PET)', 'vapor pressure', 'vapor pressure deficit', 'land surface temperature']","['soil texture', 'clay content', 'silt content', 'sand content', 'organic carbon content']","['NDVI', 'EVI', 'GCVI', 'GNDVI', 'wide dynamic range vegetation index (WDRVI)', 'OSAVI', 'SIF']","['latitude, longitude', 'Fertilizer amount', 'comprehensive mechanization rate', 'gross domestic product (GDP)', 'fertilizer usage', 'degree of comprehensive mechanization (DCM)']",['County']
"Modelling wheat yield with antecedent information, satellite and climate data using machine learning methods in Mexico","['D Gomez', 'P Salvador', 'J Sanz', 'JL Casanova']",2021.0,Agricultural and Forest Meteorology (Elsevier),[url](https://www.sciencedirect.com/science/article/pii/S0168192320304196),['Wheat'],['Mexico'],"['Satellite', 'Weather', 'Farm management']","['Generalized Linear Models (GLM)', 'ridge regression (RR)', 'LASSO', 'partial least-square regression (PLSR)', 'KNN', 'SVM', 'XGBoost', 'RF']","['R²', 'RMSE']",True,101.0,"['evaporation', 'leaf area index?', 'potential evaporation', 'skin temperature', 'solar radiation', 'temperature', 'cloud cover', 'precipitation', 'soil water?']",,['NDVI'],"['Irrigation use', 'crop cycle', 'previous production']",['Municipality']
Multilevel Deep Learning Network for County-Level Corn Yield Estimation in the U.S. Corn Belt,"['J Sun', 'Z Lai', 'L Di', 'Z Sun', 'J Tao', 'Y Shen']",2020.0,IEEE Journal of Selected Topics in Applied Earth Observations and Remote Sensing (IEEE),[url](https://ieeexplore.ieee.org/abstract/document/9177261),['Corn'],['USA'],"['Satellite', 'Soil', 'Weather']","['LSTM-CNN', 'ridge regression (RR)', 'LASSO', 'RF', 'DNN']","['MAPE', 'RMSE', 'percent error (PE)', 'R²']",True,151.0,"['land surface temperature', 'vapor pressure', 'precipitation']","['clay content', 'sand content', 'water content', 'pH', 'bulk density', 'organic carbon content']","['visible bands (RGB)', 'SWIR', 'NIR']",,['County']
Optimizing on-farm corn yield prediction by a multi-source data fusion approach using remote sensing and machine learning,"['A Raza', 'Y Miao', 'Y Huang', 'K Stueve', 'J Lu', 'Z Yang', 'R Bindlish']",2025.0,Smart Agricultural Technology,[url](https://www.sciencedirect.com/science/article/pii/S2772375525008615),['Corn'],['USA'],"['Satellite', 'Soil', 'Topography']","['RF', 'decision tree', 'extra trees', 'gradient boosting (GB)', 'extreme gradient boosting', 'KNN', 'SVM', 'histogram-based gradient boosting regression']","['R²', 'MAE', 'RMSE', 'mean bias error (MBE)']",True,0.0,,"['clay content', 'silt content', 'sand content', 'measure of pore size distribution (MPSD)', 'pH', 'residual soil water content (RSWC)', 'saturated water content', 'Scale parameter inversely proportional to mean pore diameter (SPIDMPD)', 'bubbling pressure (BP)', 'saturated hydraulic conductivity', 'pore size distribution index (PSDI)', 'bulk density', 'organic matter content']","['NDVI', 'EVI', 'GNDVI', 'NDRE', 'wide dynamic range vegetation index (WDRVI)', 'simple ratio (SR)', 'Red Edge', 'MCARI', 'green chlorophyll index (GCI)', 'Clorophyll Vegetation Index (CVI)', 'Normalized Crop Management Index (NCMI)', 'NDWI', 'MNDWI', 'ARVI', 'Transformed vegetation index (TVI)', 'LAI']","['elevation', 'slope (SLOP)', 'aspect (ASP)', 'curvature (CURV)']","['Pixel/Subfield', '4m']"
Predicting Crop Yield with Machine Learning: An Extensive Analysis of Input Modalities and Models on a Field and Sub-Field Level,"['D Pathak', 'M Miranda', 'F Mena', 'C Sanchez', 'P Helber', 'B Bischke', 'P Habelitz', 'H Najjar', 'et al.']",2023.0,IGARSS 2023 - 2023 IEEE International Geoscience and Remote Sensing Symposium (Symposium),[url](https://ieeexplore.ieee.org/abstract/document/10282318),"['Wheat', 'Rapeseed', 'Soybean']","['Germany', 'Argentina', 'Uruguay']","['Satellite', 'Weather', 'Soil', 'Topography']","['LSTM', 'Light GBM']","['MAPE', 'R²']",False,22.0,"['minimum temperature', 'maximum temperature', 'mean temperature', 'precipitation']","['cation exchange capacity', 'nitrogen content', 'pH', 'sand content', 'silt content', 'organic carbon content', 'clay content']","['visible bands (RGB)', 'SWIR', 'NIR', 'Red Edge', 'coastal aerosol', 'water vapour']","['aspect (ASP)', 'curvature (CURV)', 'DEM', 'slope (SLOP)', 'topographic wetness index (TWI)']","['Pixel/Subfield', '10m', 'Field']"
Predicting intra-field yield variations for winter wheat using remote sensing and Graph Attention Networks,"['O Astrom', 'S Mansson', 'I Lazar', 'M Nilsson', 'et al.']",2025.0,Computers and Electronics in Agriculture (Elsevier),[url](https://www.sciencedirect.com/science/article/pii/S0168169925006052),['Wheat'],['Sweden'],"['Satellite', 'Soil', 'Weather']","['Graph Neural Network (GNN)', 'XGBoost', 'ANN']","['R²', 'normalized RMSE', '1-tonne accuracy', 'MAPE']",True,2.0,"['precipitation', 'wind speed', 'humidity', 'radiation', 'growing degree days (GDD)', 'minimum temperature', 'maximum temperature']","['pH', 'phosporus', 'potassium', 'magnesium', 'calcium', 'organic matter content', 'clay content']","['NDVI', 'NDWI', 'NDBI', 'visible bands (RGB)', 'NIR', 'SWIR', 'coastal aerosol', 'water vapour']",,"['Pixel/Subfield', '10m']"
Predicting rice yield at pixel scale through synthetic use of crop and deep learning models with satellite data in South and North Korea,"['S Jeong', 'J Ko', 'J Yeom']",2022.0,Science of The Total Environment (Elsevier),[url](https://www.sciencedirect.com/science/article/pii/S0048969721048014),['Rice'],"['South Korea', 'North Korea']","['Satellite', 'Weather', 'Topography']",['DNN'],"['R²', 'Nash-Sutcliffe efficiency', 'RMSE']",True,139.0,"['solar radiation', 'growing degree days (GDD)']",,"['NDVI', 'OSAVI', 'Renormalized Difference Vegetation Index (RDVI)', 'Modified Triangular Vegetation Index (MTVI1)', 'EVI', 'Land Surface Water Index (LSWI)']","['latitude, longitude', 'county ID', 'transplanting date (TPD)']","['County', 'Province', 'Pixel/Subfield', '500m']"
Predicting Wheat Yield at the Field Scale by Combining High-Resolution Sentinel-2 Satellite Imagery and Crop Modelling,"['Y Zhao', 'AB Potgieter', 'M Zhang', 'B Wu', 'GL Hammer']",2020.0,Remote Sensing (MDPI),[url](https://www.mdpi.com/2072-4292/12/6/1024),['Wheat'],['Australia'],"['Satellite', 'Weather']",['linear regression'],"['R²', 'RMSE', 'MAPE']",False,223.0,"['crop stress index (SI)', 'land surface temperature']",,"['OSAVI', 'red edge chlorophyll index', 'NDVI', 'difference vegetation index (DVI)', 'simple ratio (SR)', 'EVI', 'EVI2', 'Transformed Chlorophyll Absorption in ReﬂectanceIndex (TCARI)', 'TCARI/OSAVI (TO)', 'GCVI', 'GDVI', 'NDRE', 'Canopy Chlorophyll Content Index (CCCI)']",,"['Field', 'Pixel/Subfield', '2m']"
"Predicting wheat yield gap and its determinants combining remote sensing, machine learning, and survey approaches in rainfed Mediterranean regions of Morocco","['K Devkota', 'A Bouasria', 'M Devkota', 'V Nangia']",2024.0,European Journal of Agronomy (Elsevier),[url](https://www.sciencedirect.com/science/article/pii/S1161030124001163),['Wheat'],['Morocco'],"['Satellite', 'Soil', 'Farm management', 'Weather', 'Topography']",['RF'],"['R²', 'RMSE', 'mean error (ME)', 'relative RMSE (RRMSE)']",False,40.0,"['actual evapotranspiration', 'accumulated precipitation', 'maximum temperature', 'minimum temperature']","['cation exchange capacity', 'clay content', 'nitrogen content', 'pH', 'sand content', 'silt content', 'organic carbon content', 'Soil moisture', 'coarse fragments', 'soil type']","['EVI2', 'CGVI', 'MSR', 'NDVI', 'OSAVI', 'RVI']","['Crop variety', 'germination date', 'Harvest dates', 'Fertilizer amount', 'nitrogen rate (at basal)', 'P2O5 fertilizer rate', 'K2O fertilizer rate', 'topography', 'Herbicide usage']",['Field']
Prediction of crop yield using satellite vegetation indices combined with machine learning approaches,"['K Jhajharia', 'P Mathur']",2023.0,Advances in Space Research (Elsevier),[url](https://www.sciencedirect.com/science/article/pii/S0273117723005264),"['Various', 'Millet', 'Cluster bean', 'Psyllium husk', 'Henna', 'Coriander']",['India'],"['Satellite', 'Weather']","['decision tree', 'RF', 'LASSO', 'support vector regression (SVR)']","['MAE', 'RMSE', 'R²']",True,31.0,['precipitation'],,"['NDVI', 'EVI', 'LAI']",,['District']
Prediction of multi-year winter wheat yields at the field level with satellite and climatological data,"['M Marszalek', 'M Körner', 'U Schmidhalter']",2022.0,Computers and Electronics in Agriculture (Elsevier),[url](https://www.sciencedirect.com/science/article/pii/S0168169922000941),['Wheat'],['Germany'],"['Satellite', 'Weather']","['linear regression', 'RF']","['MAE', 'R²', 'RMSE']",False,48.0,"['precipitation', 'dew point temperature', 'cloud cover', 'sunshine duration', 'air pressure', 'solar radiation', 'crop water requirement (CWR)', 'evapotranspiration (ET)', 'maximum temperature', 'minimum temperature', 'mean temperature', 'humidity', 'wind speed']",,"['NDVI', 'NDWI', 'NDRE', 'REIP', 'visible bands (RGB)', 'NIR', 'SWIR']",,['Field']
Rapid Rice Yield Estimation Using Integrated Remote Sensing and Meteorological Data and Machine Learning,"['M Islam', 'L Di', 'F Qamer', 'S Shrestha', 'L Guo', 'L Lin', 'et al.']",2023.0,Remote Sensing (MDPI),[url](https://www.mdpi.com/2072-4292/15/9/2374),['Rice'],['Nepal'],"['Satellite', 'Weather']","['ML ensemble', 'linear regression', 'RF', 'gradient boosting (GB)', 'Light GBM', 'XGBoost']","['RMSE', 'MAE']",False,45.0,"['precipitation', 'land surface temperature', 'evapotranspiration (ET)']",['Soil moisture'],['NDVI'],,['District']
Real-time prediction of corn yield from single-phase SAR and optical remote sensing data using deep learning,"['X Zhou', 'J Song', 'Y Dang', 'Z Xiao', 'H Yang']",2025.0,European Journal of Agronomy (Elsevier),[url](https://www.sciencedirect.com/science/article/pii/S1161030125003156),['Corn'],['USA'],"['Satellite', 'Weather']","['CNN+GP', 'CNN']","['R²', 'RMSE', 'mean absolute relative\rerror (MARE)', 'Pearson correlation coefficient (PCC)']",True,0.0,['land surface temperature'],,"['LAI', 'visible bands (RGB)', 'NIR', 'SWIR', 'VV+VH addition']",,['County']
Robust County-Level Corn Yield Estimation Using Ensemble Machine Learning and Multisource Remote Sensing,"['A Vafaeinejad', 'A Sharifi', 'S Khan']",2025.0,IEEE Journal of Selected Topics in Applied Earth Observations and Remote Sensing (IEEE),[url](https://ieeexplore.ieee.org/abstract/document/11068131),['Maize'],['USA'],"['Satellite', 'Soil', 'Weather', 'Topography']","['XGBoost', 'RF']","['RMSE', 'R²']",False,9.0,"['precipitation', 'mean temperature', 'maximum temperature', 'minimum temperature', 'vapor pressure deficit', 'dew point temperature']","['organic matter content', 'cation exchange capacity', 'bulk density', 'available water content', 'sand content', 'clay content']","['NDVI', 'EVI', 'gross primary production (GPP)']","['latitude, longitude']",['County']
Satellite-Based Cabbage and Radish Yield Prediction Using Deep Learning in Kangwon-do,"['H Park', 'Y Lee', 'S Park']",2023.0,Korean Journal of Remote Sensing (KoreaScience),[url](https://koreascience.kr/article/JAKO202331857673593.page),"['Cabbage', 'Radish']",['South Korea'],"['Satellite', 'Weather']","['CNN', 'RF']","['RMSE', 'Correlation']",True,4.0,['land surface temperature'],,"['NDVI', 'EVI', 'LAI']",,"['District', 'Subcity', 'Unclear']"
Satellite-based soybean yield forecast: Integrating machine learning and weather data for improving crop yield prediction in southern Brazil,"['R Schwalbert', 'T Amado', 'G Corassa', 'L Pott', 'P Prasad', 'I Ciampitti']",2020.0,Agricultural and Forest Meteorology (Elsevier),[url](https://www.sciencedirect.com/science/article/pii/S0168192319305027),['Soybean'],['Brazil'],"['Satellite', 'Weather']","['LSTM', 'RF', 'OLS']","['MAE', 'RMSE', 'MSE']",True,438.0,"['land surface temperature', 'precipitation']",,"['NDVI', 'EVI']",,['Municipality']
SMN-AgroCLA: a deep learning framework with sequential midrange normalization for enhanced rice yield prediction using remote sensing data,"['L Liu', 'K Zhang', 'Y Zhang', 'T Lin', 'W Sun', 'H Sun', 'P Song', 'W Liu', 'D Ren', 'J Huang']",2025.0,GIScience & Remote Sensing (Taylor & Francis),[url](https://www.tandfonline.com/doi/abs/10.1080/15481603.2025.2569964),['Rice'],['China'],"['Satellite', 'Topography', 'Weather']","['CNN', 'LSTM', 'SSTNN', 'ALSTM', 'DDCN', 'AgroCLA']","['R²', 'RMSE', 'absolute relative error (ARE)', 'mean absolute relative\rerror (MARE)']",False,0.0,"['land surface temperature', 'solar radiation', 'precipitation']",['Soil moisture'],"['gross primary production (GPP)', 'EVI2']","['elevation', 'latitude, longitude']",['County']
Statistical modelling of drought-related yield losses using soil moisture-vegetation remote sensing and multiscalar indices in the south-eastern Europe,"['V Potopová', 'M Trnka', 'P Hamouz', 'J Soukup', 'T Castravet']",2020.0,Agricultural Water Management (Elsevier),[url](https://www.sciencedirect.com/science/article/pii/S0378377420303656),"['Maize', 'Sunflower', 'Grapevine']",['Moldova'],"['Satellite', 'Soil', 'Weather']","['multiple linear regression (MLR)', 'ANN', 'bayesian belief networks (BBN)']","['RMSE', 'MAE', 'R²', 'predictive skill (SS)']",False,71.0,"['Potential Evapotranspiration (PET)', 'SPEI']",['Soil moisture'],"['EVI2', 'relative vegetation condition index']",,['District']
Subfield maize yield prediction improves when in-season crop water deficit is included in remote sensing imagery-based models,"['G Shuai', 'B Basso']",2022.0,Remote Sensing of Environment (Elsevier),[url](https://www.sciencedirect.com/science/article/pii/S0034425722000529),['Maize'],['USA'],"['Satellite', 'Soil', 'Topography', 'Weather']",['RF'],"['MAPE', 'R²']",True,84.0,['land surface temperature'],"['Maximum ponding height', 'Soil class description', 'Depth to the base of layer', 'bulk density', 'clay content', 'silt content', 'coarse fragments', 'saturated water content', 'drained upper limit', 'drained lower limit', 'saturated hydraulic conductivity', 'organic carbon content', 'nitrogen content', 'pH', 'soil hospitality factor']",['GCVI'],"['yield stability maps', 'topgraphic position index (TPI - elevation)']","['Pixel/Subfield', '2m']"
Sun-induced chlorophyll fluorescence is superior to satellite vegetation indices for predicting summer maize yield under drought conditions,"['Y Wang', 'P Leng', 'G Shang', 'X Zhang', 'Z Li']",2023.0,Computers and Electronics in Agriculture (Elsevier),[url](https://www.sciencedirect.com/science/article/pii/S0168169923000030),['Maize'],['China'],"['Satellite', 'Soil', 'Weather']","['RF', 'LSTM']","['R²', 'RMSE']",False,34.0,"['minimum temperature', 'maximum temperature', 'precipitation', 'vapor pressure', 'vapor pressure deficit', 'evapotranspiration (ET)', 'palmer drought severity index']","['Soil moisture', 'organic carbon content', 'pH', 'cation exchange capacity', 'capacitance']","['SIF', 'NDVI', 'EVI']",,['County']
The impact of spatiotemporal variability of environmental conditions on wheat yield forecasting using remote sensing data and machine learning,"['K Khechba', 'M Belgiu', 'A Laamrani', 'A Stein', 'A Amazirh', 'A Chehbouni']",2025.0,International Journal of Applied Earth Observation and Geoinformation (Elsevier),[url](https://www.sciencedirect.com/science/article/pii/S1569843225000147),['Wheat'],['Morocco'],"['Satellite', 'Weather']","['RF', 'XGBoost']","['R²', 'RMSE', 'MAE']",True,11.0,"['maximum temperature', 'precipitation']",,"['NDVI', 'Terrestrial Chlorophyll Index (MTCI)', 'moisture stress index (MSI)']",,['Landform zone']
The model for grain wheat yield prediction at high spatial resolution based on physical-geographical properties and satellite vegetation indices,"['D Blagojevic', 'N Pajevic', 'G Mimic', 'S Cukovic', 'S Markovic', 'B Maestrini', 'et al.']",2025.0,Geocarto International (Taylor & Francis),[url](https://www.tandfonline.com/doi/full/10.1080/10106049.2025.2493741),['Wheat'],['Serbia'],"['Satellite', 'Soil', 'Topography']",['RF'],"['RMSE', 'MAE', 'relative RMSE (RRMSE)', 'Pearson correlation coefficient (PCC)', ""Spearman's rank correlation coefficient""]",False,0.0,,"['bulk density', 'clay content', 'coarse fragments', 'nitrogen content', 'pH', 'sand content', 'silt content']","['visible bands (RGB)', 'NIR', 'SWIR', 'NDVI', 'SAVI', 'modified SAVI (MSAVI)', 'Infrared percentage vegetation index (IPVI)', 'Transformed vegetation index (TVI)', 'EVI', 'ARVI', 'green chlorophyll index (GCI)', 'difference vegetation index (DVI)', 'OSAVI', 'GNDVI', 'chlorophyll vegetation index', 'simple ratio (SR)', 'wide dynamic range vegetation index (WDRVI)', 'normalised differential moisture index (NDMI)']","['slope (SLOP)', 'flow direction', 'flow accumulation', 'elevation']","['Pixel/Subfield', '10m']"
Training Machine Learning Algorithms Using Remote Sensing and Topographic Indices for Corn Yield Prediction,"['M Oliveira', 'B Ortiz', 'G Morata', 'A Jiménez', 'G Rolim', 'R Silva']",2022.0,Remote Sensing (MDPI),[url](https://www.mdpi.com/2072-4292/14/23/6171),['Corn'],['USA'],"['Satellite', 'Topography']","['extremely randomized trees', 'Gradient Boosting Machines (GBM)', 'XGBoost', 'ML ensemble']","['MAE', 'estimated mean error (EME)', 'relative percentage error']",True,22.0,,,"['NIR', 'visible bands (RGB)']","['topographic wetness index (TWI)', 'topographic position index (TPI)']","['Management zone', 'Pixel/Subfield', '3m']"
Transfer learning for improved crop yield predictions in a cross-scale pathway: a case study for Brazilian national soybean,"['J Zhang', 'K Guan', 'Z Chen', 'Y Huang', 'K Zhao', 'B Peng', 'S Wang', 'X Wu', 'S Wang', 'A Banerjee', 'N Vergopolan', 'R Fu', 'S Zhao', 'J Colussi']",2025.0,International Journal of Applied Earth Observation and Geoinformation (Elsevier),,['Soybean'],['Brazil'],"['Satellite', 'Soil', 'Weather']",['CNN+transformer'],"['RMSE', 'relative RMSE (RRMSE)', 'R²', 'Pearson correlation coefficient (PCC)']",False,0.0,"['maximum temperature', 'minimum temperature', 'precipitation', 'vapor pressure deficit']","['organic matter content', 'clay content', 'sand content', 'saturated water content', 'residual soil water content (RSWC)']","['green', 'NIR']",,['Municipality']
Wheat Crop Field and Yield Prediction using Remote Sensing and Machine Learning,"['M Ayub', 'N Khan', 'R Haider']",2022.0,IEEE International Conference on Artificial Intelligence (Proceedings),[url](https://ieeexplore.ieee.org/abstract/document/9773663?casa_token=jk9dHZpcNcgAAAAA:ohYOhCdMxQP2CtqaSZ-5xrUx-QfqOQ458oNExeKdkZFxOhGpC5BckrWmvNByAFutwHg63I72),['Wheat'],['Pakistan'],"['Satellite', 'Weather', 'Soil']",['multivariate regression'],['R²'],False,15.0,"['humidity', 'temperature', 'wind speed', 'wind direction', 'mean sea level pressure', 'soil temperature', 'sunshine duration']",['Soil moisture'],"['EVI', 'NDVI']",,"['Unclear', 'District']"
Winter Wheat Yield Prediction at County Level and Uncertainty Analysis in Main Wheat-Producing Regions of China with Deep Learning Approaches,"['X Wang', 'J Huang', 'Q Feng', 'D Yin']",2020.0,Remote Sensing (MDPI),[url](https://www.mdpi.com/2072-4292/12/11/1744),['Wheat'],['China'],"['Satellite', 'Weather', 'Soil']","['LSTM+CNN', 'RF', 'LASSO', 'SVM']","['R²', 'RMSE', 'normalized RMSE', 'MAPE']",True,290.0,"['temperature', 'precipitation', 'air pressure', 'specific humidity', 'shortwave radiation', 'longwave radiation', 'wind speed']","['bulk density', 'cation exchange capacity', 'clay content', 'coarse fragments', 'organic carbon content', 'pH', 'silt content', 'sand content']","['NIR', 'red-band', 'thermal-IR-band', 'NDVI']",,['County']
Winter wheat yield prediction using linear and nonlinear machine learning algorithms based on climatological and remote sensing data,"['M Haseeb', 'Z Tahir', 'S Mahmood', 'A Tariq']",2025.0,Information Processing in Agriculture (Elsevier),[url](https://www.sciencedirect.com/science/article/pii/S2214317325000149),['Wheat'],['Pakistan'],"['Satellite', 'Weather', 'Soil']","['RF', 'support vector regression (SVR)', 'LASSO', 'ridge regression (RR)']","['R²', 'RMSE', 'MAE']",False,20.0,"['maximum temperature', 'minimum temperature', 'precipitation', 'wind speed', 'SPEI', 'Potential Evapotranspiration (PET)']",['Soil moisture'],"['GNDVI', 'NDVI', 'EVI', 'SAVI', 'ARVI']",,['Region']
